#ID,SubType#,RT 1,RId 1,RT 2,RId 2,RT 3, RId3,RT 4, RId4,RT 5, RId5
0,0,0,0,0,0,0,0,0,0,0,0
1,0,1,0,1,0,2,0,0,250,0,0
2,0,1,0,0,0,0,0,0,0,0,0
3,0,1,0,0,0,0,0,0,0,0,0
4,0,0,0,0,0,0,0,0,0,0,0
5,0,0,0,0,0,0,0,0,0,0,0
6,0,0,0,0,0,0,0,0,0,0,0
7,0,1,0,2,0,2,0,0,0,0,250
8,0,1,0,2,0,2,0,0,0,0,0
9,0,1,0,0,0,0,0,0,0,0,0
10,0,0,0,0,0,0,0,0,0,0,0
11,0,0,0,0,0,0,0,0,0,0,0
12,0,0,0,0,0,0,0,0,0,0,0
13,0,1,10013,0,0,0,0,0,0,0,0
14,0,1,0,0,0,0,0,0,0,0,0
15,0,1,0,0,0,0,0,0,0,0,0
16,0,1,0,0,0,0,0,0,0,0,0
17,0,1,0,0,0,0,0,0,0,0,0
18,0,1,0,0,0,0,0,0,0,0,0
19,0,1,0,0,0,0,0,0,0,0,0
20,0,1,0,0,0,0,0,0,0,0,0
21,5,0,0,0,0,0,0,0,0,0,0
22,5,0,0,0,0,0,0,0,0,0,0
23,5,0,0,0,0,0,0,0,0,0,0
24,5,0,0,0,0,0,0,0,0,0,0
25,5,0,0,0,0,0,0,0,0,0,0
26,5,0,0,0,0,0,0,0,0,0,0
27,5,0,0,0,0,0,0,0,0,0,0
28,5,0,0,0,0,0,0,0,0,0,0
29,5,0,0,0,0,0,0,0,0,0,0
30,5,0,0,0,0,0,0,0,0,0,0
31,35,0,0,0,0,0,0,0,0,0,0
32,35,0,0,0,0,0,0,0,0,0,0
33,35,0,0,0,0,0,0,0,0,0,0
34,35,0,0,0,0,0,0,0,0,0,0
35,35,0,0,0,0,0,0,0,0,0,0
36,35,0,0,0,0,0,0,0,0,0,0
37,35,0,0,0,0,0,0,0,0,0,0
38,35,0,0,0,0,0,0,0,0,0,0
39,35,0,0,0,0,0,0,0,0,0,0
40,35,0,0,0,0,0,0,0,0,0,0
41,44,0,0,0,0,0,0,0,0,0,0
42,44,0,0,0,0,0,0,0,0,0,0
43,44,0,0,0,0,0,0,0,0,0,0
44,44,0,0,0,0,0,0,0,0,0,0
45,0,0,0,0,0,0,0,0,0,0,0
46,38,1,11096,0,0,0,0,0,0,0,0
47,38,1,11097,0,0,0,0,0,0,0,0
48,38,1,11098,0,0,0,0,0,0,0,0
49,0,0,0,0,0,0,0,0,0,0,0
50,16,7,0,0,0,0,0,0,0,0,0
51,16,7,0,0,0,0,0,0,0,0,0
52,16,7,0,0,0,0,0,0,0,0,0
53,38,1,10921,0,0,0,0,0,0,0,0
54,38,1,11099,0,0,0,0,0,0,0,0
55,107,0,50,0,0,0,0,0,0,0,0
56,107,0,50,0,0,0,0,0,0,0,0
57,107,0,50,0,0,0,0,0,0,0,0
58,107,0,50,0,0,0,0,0,0,0,0
59,107,0,50,0,0,0,0,0,0,0,0
60,107,0,50,0,0,0,0,0,0,0,0
61,107,0,50,0,0,0,0,0,0,0,0
62,107,0,50,0,0,0,0,0,0,0,0
63,107,0,50,0,0,0,0,0,0,0,0
64,107,0,50,0,0,0,0,0,0,0,0
65,107,0,50,0,0,0,0,0,0,0,0
66,107,0,50,0,0,0,0,0,0,0,0
67,107,0,50,0,0,0,0,0,0,0,0
68,107,0,50,0,0,0,0,0,0,0,0
69,107,0,50,0,0,0,0,0,0,0,0
70,107,0,50,0,0,0,0,0,0,0,0
71,107,0,50,0,0,0,0,0,0,0,0
72,107,0,50,0,0,0,0,0,0,0,0
73,107,0,50,0,0,0,0,0,0,0,0
74,107,0,50,0,0,0,0,0,0,0,0
75,107,0,50,0,0,0,0,0,0,0,0
76,107,0,50,0,0,0,0,0,0,0,0
77,107,0,50,0,0,0,0,0,0,0,0
78,107,0,50,0,0,0,0,0,0,0,0
79,107,0,50,0,0,0,0,0,0,0,0
80,107,0,50,0,0,0,0,0,0,0,0
81,107,0,50,0,0,0,0,0,0,0,0
82,107,0,50,0,0,0,0,0,0,0,0
83,107,0,50,0,0,0,0,0,0,0,0
84,107,0,50,0,0,0,0,0,0,0,0
85,107,0,50,0,0,0,0,0,0,0,0
86,107,0,50,0,0,0,0,0,0,0,0
87,107,0,50,0,0,0,0,0,0,0,0
88,107,0,50,0,0,0,0,0,0,0,0
89,107,0,50,0,0,0,0,0,0,0,0
90,107,0,50,0,0,0,0,0,0,0,0
91,107,0,50,0,0,0,0,0,0,0,0
92,107,0,50,0,0,0,0,0,0,0,0
93,107,0,50,0,0,0,0,0,0,0,0
94,107,0,50,0,0,0,0,0,0,0,0
95,107,0,50,0,0,0,0,0,0,0,0
96,107,0,50,0,0,0,0,0,0,0,0
97,107,0,50,0,0,0,0,0,0,0,0
98,107,0,50,0,0,0,0,0,0,0,0
99,107,0,50,0,0,0,0,0,0,0,0
100,0,1,11100,0,0,0,0,0,0,0,0
101,0,1,11101,0,0,0,0,0,0,0,0
102,0,1,11102,0,0,0,0,0,0,0,0
103,13,1,11103,0,0,0,0,0,0,0,0
104,13,1,11104,0,0,0,0,0,0,0,0
105,13,1,11105,0,0,0,0,0,0,0,0
106,13,1,11106,0,0,0,0,0,0,0,0
107,23,1,11107,0,0,0,0,0,0,0,0
108,23,1,11108,0,0,0,0,0,0,0,0
109,23,1,11109,0,0,0,0,0,0,0,0
110,6,1,11110,0,0,0,0,0,0,0,0
111,20,1,11111,0,0,0,0,0,0,0,0
112,20,1,11112,0,0,0,0,0,0,0,0
113,20,1,11113,0,0,0,0,0,0,0,0
114,20,1,11114,0,0,0,0,0,0,0,0
115,20,1,11115,0,0,0,0,0,0,0,0
116,20,1,11116,0,0,0,0,0,0,0,0
117,20,1,11117,0,0,0,0,0,0,0,0
118,20,1,11118,0,0,0,0,0,0,0,0
119,20,1,11119,0,0,0,0,0,0,0,0
120,20,1,11120,0,0,0,0,0,0,0,0
121,16,1,11121,0,0,0,0,0,0,0,0
122,16,1,11122,0,0,0,0,0,0,0,0
123,16,7,205489,0,0,0,0,0,0,0,0
124,16,7,205490,0,0,0,0,0,0,0,0
125,16,7,205491,0,0,0,0,0,0,0,0
126,22,1,11126,0,0,0,0,0,0,0,0
127,22,1,11127,0,0,0,0,0,0,0,0
128,22,1,11128,0,0,0,0,0,0,0,0
129,22,1,11129,0,0,0,0,0,0,0,0
130,22,1,11130,0,0,0,0,0,0,0,0
131,22,1,11131,0,0,0,0,0,0,0,0
132,22,1,11132,0,0,0,0,0,0,0,0
133,22,1,11133,0,0,0,0,0,0,0,0
134,22,1,11134,0,0,0,0,0,0,0,0
135,23,1,11135,0,0,0,0,0,0,0,0
136,23,1,11136,0,0,0,0,0,0,0,0
137,23,1,11137,0,0,0,0,0,0,0,0
138,29,1,11138,0,0,0,0,0,0,0,0
139,29,1,11139,0,0,0,0,0,0,0,0
140,29,1,11140,0,0,0,0,0,0,0,0
141,29,1,11141,0,0,0,0,0,0,0,0
142,29,1,11142,0,0,0,0,0,0,0,0
143,29,1,11143,0,0,0,0,0,0,0,0
144,25,1,11144,0,0,0,0,0,0,0,0
145,25,1,11145,0,0,0,0,0,0,0,0
146,25,1,11146,0,0,0,0,0,0,0,0
147,25,1,11147,0,0,0,0,0,0,0,0
148,25,1,11148,0,0,0,0,0,0,0,0
149,27,1,11149,0,0,0,0,0,0,0,0
150,27,1,11150,0,0,0,0,0,0,0,0
151,27,1,11151,0,0,0,0,0,0,0,0
152,27,1,11152,0,0,0,0,0,0,0,0
153,27,1,11153,0,0,0,0,0,0,0,0
154,2,1,11154,0,0,0,0,0,0,0,0
155,2,1,11155,0,0,0,0,0,0,0,0
156,2,7,205478,0,0,0,0,0,0,0,0
157,2,7,205479,0,0,0,0,0,0,0,0
158,2,7,205480,0,0,0,0,0,0,0,0
159,1,1,11159,0,0,0,0,0,0,0,0
160,1,1,11160,0,0,0,0,0,0,0,0
161,1,1,11161,0,0,0,0,0,0,0,0
162,1,1,11162,0,0,0,0,0,0,0,0
163,1,1,11163,0,0,0,0,0,0,0,0
164,26,1,11164,0,0,0,0,0,0,0,0
165,26,1,11165,0,0,0,0,0,0,0,0
166,26,7,205466,0,0,0,0,0,0,0,0
167,26,7,205469,0,0,0,0,0,0,0,0
168,26,7,205472,0,0,0,0,0,0,0,0
169,20,1,11169,0,0,0,0,0,0,0,0
170,20,1,11170,0,0,0,0,0,0,0,0
171,20,1,11171,0,0,0,0,0,0,0,0
172,20,1,11172,0,0,0,0,0,0,0,0
173,20,1,11173,0,0,0,0,0,0,0,0
174,31,1,11174,0,0,0,0,0,0,0,0
175,31,1,11175,0,0,0,0,0,0,0,0
176,31,7,205212,0,0,0,0,0,0,0,0
177,31,7,205213,0,0,0,0,0,0,0,0
178,31,7,205214,0,0,0,0,0,0,0,0
179,31,1,11179,0,0,0,0,0,0,0,0
180,31,1,11180,0,0,0,0,0,0,0,0
181,31,7,205209,0,0,0,0,0,0,0,0
182,31,7,205210,0,0,0,0,0,0,0,0
183,31,7,205211,0,0,0,0,0,0,0,0
184,31,1,11184,0,0,0,0,0,0,0,0
185,31,1,11185,0,0,0,0,0,0,0,0
186,31,7,205215,0,0,0,0,0,0,0,0
187,31,7,205216,0,0,0,0,0,0,0,0
188,31,7,205217,0,0,0,0,0,0,0,0
189,14,1,11189,0,0,0,0,0,0,0,0
190,14,7,205414,0,0,0,0,0,0,0,0
191,14,7,205415,0,0,0,0,0,0,0,0
192,14,7,205416,0,0,0,0,0,0,0,0
193,14,1,11193,0,0,0,0,0,0,0,0
194,14,7,205441,0,0,0,0,0,0,0,0
195,14,7,205442,0,0,0,0,0,0,0,0
196,14,7,205443,0,0,0,0,0,0,0,0
197,23,1,11197,0,0,0,0,0,0,0,0
198,23,1,11198,0,0,0,0,0,0,0,0
199,23,1,11199,0,0,0,0,0,0,0,0
200,40,1,11200,0,0,0,0,0,0,0,0
201,40,1,11201,0,0,0,0,0,0,0,0
202,40,1,11202,0,0,0,0,0,0,0,0
203,40,1,11203,0,0,0,0,0,0,0,0
204,40,1,11204,0,0,0,0,0,0,0,0
205,40,1,11205,0,0,0,0,0,0,0,0
206,5,1,11206,0,0,0,0,0,0,0,0
207,5,1,11207,0,0,0,0,0,0,0,0
208,5,1,11208,0,0,0,0,0,0,0,0
209,5,7,80102,0,0,0,0,0,0,0,0
210,32,1,11210,0,0,0,0,0,0,0,0
211,32,1,11211,0,0,0,0,0,0,0,0
212,32,1,11212,0,0,0,0,0,0,0,0
213,32,1,11213,0,0,0,0,0,0,0,0
214,32,1,11214,0,0,0,0,0,0,0,0
215,35,1,11215,0,0,0,0,0,0,0,0
216,35,1,11216,0,0,0,0,0,0,0,0
217,35,7,205498,0,0,0,0,0,0,0,0
218,35,7,205499,0,0,0,0,0,0,0,0
219,35,7,205500,0,0,0,0,0,0,0,0
220,16,1,11220,0,0,0,0,0,0,0,0
221,16,1,11221,0,0,0,0,0,0,0,0
222,16,1,11222,0,0,0,0,0,0,0,0
223,16,1,11223,0,0,0,0,0,0,0,0
224,16,1,11224,0,0,0,0,0,0,0,0
225,16,7,205475,0,0,0,0,0,0,0,0
226,16,7,205476,0,0,0,0,0,0,0,0
227,16,7,205477,0,0,0,0,0,0,0,0
228,14,1,11228,0,0,0,0,0,0,0,0
229,14,7,205423,0,0,0,0,0,0,0,0
230,14,7,205424,0,0,0,0,0,0,0,0
231,14,7,205425,0,0,0,0,0,0,0,0
232,15,1,11232,0,0,0,0,0,0,0,0
233,15,1,11233,0,0,0,0,0,0,0,0
234,15,7,205405,0,0,0,0,0,0,0,0
235,15,7,205406,0,0,0,0,0,0,0,0
236,15,7,205407,0,0,0,0,0,0,0,0
237,15,1,11237,0,0,0,0,0,0,0,0
238,15,1,11238,0,0,0,0,0,0,0,0
239,15,7,205450,0,0,0,0,0,0,0,0
240,15,7,205451,0,0,0,0,0,0,0,0
241,15,7,205452,0,0,0,0,0,0,0,0
242,20,1,11242,0,0,0,0,0,0,0,0
243,20,7,205432,0,0,0,0,0,0,0,0
244,20,7,205433,0,0,0,0,0,0,0,0
245,20,7,205434,0,0,0,0,0,0,0,0
246,20,1,11246,0,0,0,0,0,0,0,0
247,20,1,11247,0,0,0,0,0,0,0,0
248,20,1,11248,0,0,0,0,0,0,0,0
249,20,1,11249,0,0,0,0,0,0,0,0
250,18,1,11250,0,0,0,0,0,0,0,0
251,18,1,11251,0,0,0,0,0,0,0,0
252,18,1,11252,0,0,0,0,0,0,0,0
253,18,1,11253,0,0,0,0,0,0,0,0
254,26,1,11254,0,0,0,0,0,0,0,0
255,26,1,11255,0,0,0,0,0,0,0,0
256,26,1,11256,0,0,0,0,0,0,0,0
257,26,1,11257,0,0,0,0,0,0,0,0
258,21,1,11258,0,0,0,0,0,0,0,0
259,21,1,11259,0,0,0,0,0,0,0,0
260,21,1,11260,0,0,0,0,0,0,0,0
261,21,1,11261,0,0,0,0,0,0,0,0
262,21,1,11262,0,0,0,0,0,0,0,0
263,21,1,11263,0,0,0,0,0,0,0,0
264,21,1,11264,0,0,0,0,0,0,0,0
265,21,1,11265,0,0,0,0,0,0,0,0
266,21,1,11266,0,0,0,0,0,0,0,0
267,21,1,11267,0,0,0,0,0,0,0,0
268,21,1,11268,0,0,0,0,0,0,0,0
269,21,1,11269,0,0,0,0,0,0,0,0
270,21,1,11270,0,0,0,0,0,0,0,0
271,21,1,11271,0,0,0,0,0,0,0,0
272,21,1,11272,0,0,0,0,0,0,0,0
273,21,7,205465,0,0,0,0,0,0,0,0
274,21,7,205464,0,0,0,0,0,0,0,0
275,21,7,205463,0,0,0,0,0,0,0,0
276,21,7,205462,0,0,0,0,0,0,0,0
277,21,7,205461,0,0,0,0,0,0,0,0
278,35,1,11278,0,0,0,0,0,0,0,0
279,35,7,205504,0,0,0,0,0,0,0,0
280,35,7,205505,0,0,0,0,0,0,0,0
281,35,7,205506,0,0,0,0,0,0,0,0
282,35,1,11282,0,0,0,0,0,0,0,0
283,35,1,11283,0,0,0,0,0,0,0,0
284,35,7,205519,0,0,0,0,0,0,0,0
285,35,7,205520,0,0,0,0,0,0,0,0
286,35,7,205521,0,0,0,0,0,0,0,0
287,32,1,11287,0,0,0,0,0,0,0,0
288,32,1,11288,0,0,0,0,0,0,0,0
289,32,1,11289,0,0,0,0,0,0,0,0
290,32,1,11290,0,0,0,0,0,0,0,0
291,32,1,11291,0,0,0,0,0,0,0,0
292,27,1,11292,0,0,0,0,0,0,0,0
293,27,1,11293,0,0,0,0,0,0,0,0
294,27,1,11294,0,0,0,0,0,0,0,0
295,27,1,11295,0,0,0,0,0,0,0,0
296,23,1,11296,0,0,0,0,0,0,0,0
297,23,1,11297,0,0,0,0,0,0,0,0
298,23,1,11298,0,0,0,0,0,0,0,0
299,5,1,11299,0,0,0,0,0,0,0,0
300,107,0,50,0,0,0,0,0,0,0,0
301,28,1,11301,0,0,0,0,0,0,0,0
302,28,1,11302,0,0,0,0,0,0,0,0
303,28,1,11303,0,0,0,0,0,0,0,0
304,28,1,11304,0,0,0,0,0,0,0,0
305,28,1,11305,0,0,0,0,0,0,0,0
306,28,1,11306,0,0,0,0,0,0,0,0
307,28,1,11307,0,0,0,0,0,0,0,0
308,28,1,11308,0,0,0,0,0,0,0,0
309,28,1,11309,0,0,0,0,0,0,0,0
310,38,1,11311,0,0,0,0,0,0,0,0
311,38,1,11312,0,0,0,0,0,0,0,0
312,38,1,11313,0,0,0,0,0,0,0,0
313,38,1,11314,0,0,0,0,0,0,0,0
314,38,1,11315,0,0,0,0,0,0,0,0
315,38,1,11316,0,0,0,0,0,0,0,0
316,38,1,11317,0,0,0,0,0,0,0,0
317,38,1,11318,0,0,0,0,0,0,0,0
318,38,1,11319,0,0,0,0,0,0,0,0
319,38,1,11320,0,0,0,0,0,0,0,0
320,38,1,11321,0,0,0,0,0,0,0,0
321,38,1,11322,0,0,0,0,0,0,0,0
322,38,1,11323,0,0,0,0,0,0,0,0
323,38,1,11324,0,0,0,0,0,0,0,0
324,38,1,11325,0,0,0,0,0,0,0,0
325,38,1,11326,0,0,0,0,0,0,0,0
326,38,1,11327,0,0,0,0,0,0,0,0
327,38,1,11328,0,0,0,0,0,0,0,0
328,38,1,11329,0,0,0,0,0,0,0,0
329,38,1,11330,0,0,0,0,0,0,0,0
330,38,1,11331,0,0,0,0,0,0,0,0
331,38,1,11332,0,0,0,0,0,0,0,0
332,38,1,11333,0,0,0,0,0,0,0,0
333,38,1,11334,0,0,0,0,0,0,0,0
334,38,1,11335,0,0,0,0,0,0,0,0
335,18,1,11336,0,0,0,0,0,0,0,0
336,18,1,11337,0,0,0,0,0,0,0,0
337,18,1,11338,0,0,0,0,0,0,0,0
338,18,1,11339,0,0,0,0,0,0,0,0
339,18,1,11340,0,0,0,0,0,0,0,0
340,18,1,11341,0,0,0,0,0,0,0,0
341,18,1,11342,0,0,0,0,0,0,0,0
342,18,1,11343,0,0,0,0,0,0,0,0
343,33,1,11344,0,0,0,0,0,0,0,0
344,33,1,11345,0,0,0,0,0,0,0,0
345,33,1,11346,0,0,0,0,0,0,0,0
346,33,1,11347,0,0,0,0,0,0,0,0
347,33,1,11348,0,0,0,0,0,0,0,0
348,33,1,11349,0,0,0,0,0,0,0,0
349,33,1,11350,0,0,0,0,0,0,0,0
350,33,1,11351,0,0,0,0,0,0,0,0
351,42,1,11352,0,0,0,0,0,0,0,0
352,42,1,11353,0,0,0,0,0,0,0,0
353,42,1,11354,0,0,0,0,0,0,0,0
354,42,1,11355,0,0,0,0,0,0,0,0
355,42,1,11356,0,0,0,0,0,0,0,0
356,42,1,11357,0,0,0,0,0,0,0,0
357,16,1,11358,0,0,0,0,0,0,0,0
358,16,1,11359,0,0,0,0,0,0,0,0
359,16,1,11360,0,0,0,0,0,0,0,0
360,39,1,11361,0,0,0,0,0,0,0,0
361,39,1,11362,0,0,0,0,0,0,0,0
362,39,1,11363,0,0,0,0,0,0,0,0
363,39,1,11364,0,0,0,0,0,0,0,0
364,39,1,11365,0,0,0,0,0,0,0,0
365,39,1,11366,0,0,0,0,0,0,0,0
366,39,0,0,0,0,0,0,0,0,0,0
367,39,0,0,0,0,0,0,0,0,0,0
368,39,0,0,0,0,0,0,0,0,0,0
369,39,0,0,0,0,0,0,0,0,0,0
370,39,0,0,0,0,0,0,0,0,0,0
371,39,0,0,0,0,0,0,0,0,0,0
372,39,1,11373,0,0,0,0,0,0,0,0
373,39,1,11374,0,0,0,0,0,0,0,0
374,39,1,11375,0,0,0,0,0,0,0,0
375,23,1,11376,0,0,0,0,0,0,0,0
376,23,1,11377,0,0,0,0,0,0,0,0
377,23,1,11378,0,0,0,0,0,0,0,0
378,23,1,11379,0,0,0,0,0,0,0,0
379,23,1,11380,0,0,0,0,0,0,0,0
380,23,1,11381,0,0,0,0,0,0,0,0
381,23,1,11382,0,0,0,0,0,0,0,0
382,23,1,11383,0,0,0,0,0,0,0,0
383,23,1,11384,0,0,0,0,0,0,0,0
384,23,1,11385,0,0,0,0,0,0,0,0
385,23,1,11386,0,0,0,0,0,0,0,0
386,23,1,11387,0,0,0,0,0,0,0,0
387,23,1,11388,0,0,0,0,0,0,0,0
388,23,1,11389,0,0,0,0,0,0,0,0
389,23,1,11390,0,0,0,0,0,0,0,0
390,23,1,11391,0,0,0,0,0,0,0,0
391,23,1,11392,0,0,0,0,0,0,0,0
392,23,1,11393,0,0,0,0,0,0,0,0
393,14,1,11394,0,0,0,0,0,0,0,0
394,14,1,11395,0,0,0,0,0,0,0,0
395,14,1,11396,0,0,0,0,0,0,0,0
396,14,1,11397,0,0,0,0,0,0,0,0
397,39,1,11398,0,0,0,0,0,0,0,0
398,39,1,11399,0,0,0,0,0,0,0,0
399,39,1,11400,0,0,0,0,0,0,0,0
400,39,1,11401,0,0,0,0,0,0,0,0
401,23,1,11402,0,0,0,0,0,0,0,0
402,27,1,11403,0,0,0,0,0,0,0,0
403,27,1,11404,0,0,0,0,0,0,0,0
404,27,1,11405,0,0,0,0,0,0,0,0
405,27,1,11406,0,0,0,0,0,0,0,0
406,41,1,11407,0,0,0,0,0,0,0,0
407,41,1,11408,0,0,0,0,0,0,0,0
408,41,1,11409,0,0,0,0,0,0,0,0
409,41,1,11410,0,0,0,0,0,0,0,0
410,41,1,11411,0,0,0,0,0,0,0,0
411,41,1,11412,0,0,0,0,0,0,0,0
412,27,1,11413,0,0,0,0,0,0,0,0
413,27,1,11414,0,0,0,0,0,0,0,0
414,27,1,11415,0,0,0,0,0,0,0,0
415,41,1,11416,0,0,0,0,0,0,0,0
416,41,1,11417,0,0,0,0,0,0,0,0
417,41,1,11418,0,0,0,0,0,0,0,0
418,41,1,11419,0,0,0,0,0,0,0,0
419,41,1,11420,0,0,0,0,0,0,0,0
420,41,1,11421,0,0,0,0,0,0,0,0
421,41,1,11422,0,0,0,0,0,0,0,0
422,41,1,11423,0,0,0,0,0,0,0,0
423,41,1,11424,0,0,0,0,0,0,0,0
424,41,1,11425,0,0,0,0,0,0,0,0
425,41,1,11426,0,0,0,0,0,0,0,0
426,41,1,11427,0,0,0,0,0,0,0,0
427,41,1,11428,0,0,0,0,0,0,0,0
428,41,1,11429,0,0,0,0,0,0,0,0
429,41,1,11430,0,0,0,0,0,0,0,0
430,41,1,11431,0,0,0,0,0,0,0,0
431,41,1,11432,0,0,0,0,0,0,0,0
432,41,1,11433,0,0,0,0,0,0,0,0
433,41,1,11434,0,0,0,0,0,0,0,0
434,41,1,11435,0,0,0,0,0,0,0,0
435,41,1,11436,0,0,0,0,0,0,0,0
436,41,1,11437,0,0,0,0,0,0,0,0
437,41,1,11438,0,0,0,0,0,0,0,0
438,41,1,11439,0,0,0,0,0,0,0,0
439,41,1,11440,0,0,0,0,0,0,0,0
440,41,1,11441,0,0,0,0,0,0,0,0
441,41,1,11442,0,0,0,0,0,0,0,0
442,41,1,11443,0,0,0,0,0,0,0,0
443,41,1,11444,0,0,0,0,0,0,0,0
444,41,1,11445,0,0,0,0,0,0,0,0
445,41,1,11446,0,0,0,0,0,0,0,0
446,41,1,11447,0,0,0,0,0,0,0,0
447,38,0,50,0,0,0,0,0,0,0,0
448,38,0,50,0,0,0,0,0,0,0,0
449,38,0,50,0,0,0,0,0,0,0,0
450,38,0,50,0,0,0,0,0,0,0,0
451,112,0,50,0,0,0,0,0,0,0,0
452,112,0,50,0,0,0,0,0,0,0,0
453,112,0,50,0,0,0,0,0,0,0,0
454,112,0,50,0,0,0,0,0,0,0,0
455,112,0,50,0,0,0,0,0,0,0,0
456,112,0,50,0,0,0,0,0,0,0,0
457,38,0,50,0,0,0,0,0,0,0,0
458,38,0,50,0,0,0,0,0,0,0,0
459,38,0,50,0,0,0,0,0,0,0,0
460,38,0,50,0,0,0,0,0,0,0,0
461,38,0,50,0,0,0,0,0,0,0,0
462,38,0,50,0,0,0,0,0,0,0,0
463,38,0,50,0,0,0,0,0,0,0,0
464,38,0,50,0,0,0,0,0,0,0,0
465,38,0,50,0,0,0,0,0,0,0,0
466,38,0,50,0,0,0,0,0,0,0,0
467,0,0,0,0,0,0,0,0,0,0,0
468,24,1,11468,0,0,0,0,0,0,0,0
469,24,1,11469,0,0,0,0,0,0,0,0
470,24,1,11470,0,0,0,0,0,0,0,0
471,24,1,11471,0,0,0,0,0,0,0,0
472,24,1,11472,0,0,0,0,0,0,0,0
473,24,1,11473,0,0,0,0,0,0,0,0
474,24,1,11474,0,0,0,0,0,0,0,0
475,24,1,11475,0,0,0,0,0,0,0,0
476,24,1,11476,0,0,0,0,0,0,0,0
477,24,1,11477,0,0,0,0,0,0,0,0
478,24,1,11478,0,0,0,0,0,0,0,0
479,24,1,11479,0,0,0,0,0,0,0,0
480,24,1,11480,0,0,0,0,0,0,0,0
481,24,1,11481,0,0,0,0,0,0,0,0
482,24,1,11482,0,0,0,0,0,0,0,0
483,24,1,11483,0,0,0,0,0,0,0,0
484,24,1,11484,0,0,0,0,0,0,0,0
485,24,1,11485,0,0,0,0,0,0,0,0
486,24,1,11486,0,0,0,0,0,0,0,0
487,24,1,11487,0,0,0,0,0,0,0,0
488,24,1,11488,0,0,0,0,0,0,0,0
489,24,1,11489,0,0,0,0,0,0,0,0
490,24,1,11490,0,0,0,0,0,0,0,0
491,24,1,11491,0,0,0,0,0,0,0,0
492,24,1,11492,0,0,0,0,0,0,0,0
493,24,1,11493,0,0,0,0,0,0,0,0
494,24,1,11494,0,0,0,0,0,0,0,0
495,24,1,11495,0,0,0,0,0,0,0,0
496,24,1,11496,0,0,0,0,0,0,0,0
497,24,1,11497,0,0,0,0,0,0,0,0
498,24,1,11498,0,0,0,0,0,0,0,0
499,24,1,11499,0,0,0,0,0,0,0,0
500,0,0,0,0,0,0,0,0,0,0,0
501,0,0,0,0,0,0,0,0,0,0,0
502,0,0,0,0,0,0,0,0,0,0,0
503,3,0,0,0,0,0,0,0,0,0,0
504,3,0,0,0,0,0,0,0,0,0,0
505,0,0,0,0,0,0,0,0,0,0,0
506,0,0,0,0,0,0,0,0,0,0,0
507,0,0,0,0,0,0,0,0,0,0,0
508,0,0,0,0,0,0,0,0,0,0,0
509,0,0,0,0,0,0,0,0,0,0,0
510,0,0,0,0,0,0,0,0,0,0,0
511,0,0,0,0,0,0,0,0,0,0,0
512,0,0,0,0,0,0,0,0,0,0,0
513,0,0,0,0,0,0,0,0,0,0,0
514,0,0,0,0,0,0,0,0,0,0,0
515,0,0,0,0,0,0,0,0,0,0,0
516,0,0,0,0,0,0,0,0,0,0,0
517,0,0,0,0,0,0,0,0,0,0,0
518,0,0,0,0,0,0,0,0,0,0,0
519,3,0,0,0,0,0,0,0,0,0,0
520,0,0,0,0,0,0,0,0,0,0,0
521,0,0,0,0,0,0,0,0,0,0,0
522,0,0,0,0,0,0,0,0,0,0,0
523,0,0,0,0,0,0,0,0,0,0,0
524,0,0,0,0,0,0,0,0,0,0,0
525,0,0,0,0,0,0,0,0,0,0,0
526,0,0,0,0,0,0,0,0,0,0,0
527,0,0,0,0,0,0,0,0,0,0,0
528,0,0,0,0,0,0,0,0,0,0,0
529,3,0,0,0,0,0,0,0,0,0,0
530,3,0,0,0,0,0,0,0,0,0,0
531,3,0,0,0,0,0,0,0,0,0,0
532,3,0,0,0,0,0,0,0,0,0,0
533,0,0,0,0,0,0,0,0,0,0,0
534,0,0,0,0,0,0,0,0,0,0,0
535,0,0,0,0,0,0,0,0,0,0,0
536,0,0,0,0,0,0,0,0,0,0,0
537,0,0,0,0,0,0,0,0,0,0,0
538,0,0,0,0,0,0,0,0,0,0,0
539,0,0,0,0,0,0,0,0,0,0,0
540,0,0,0,0,0,0,0,0,0,0,0
541,3,0,0,0,0,0,0,0,0,0,0
542,0,0,0,0,0,0,0,0,0,0,0
543,0,0,0,0,0,0,0,0,0,0,0
544,0,0,0,0,0,0,0,0,0,0,0
545,0,0,0,0,0,0,0,0,0,0,0
546,0,0,0,0,0,0,0,0,0,0,0
547,0,0,0,0,0,0,0,0,0,0,0
548,50,0,0,0,0,0,0,0,0,0,0
549,51,0,0,0,0,0,0,0,0,0,0
550,51,0,0,0,0,0,0,0,0,0,0
551,51,0,0,0,0,0,0,0,0,0,0
552,51,0,0,0,0,0,0,0,0,0,0
553,52,0,0,0,0,0,0,0,0,0,0
554,52,0,0,0,0,0,0,0,0,0,0
555,52,0,0,0,0,0,0,0,0,0,0
556,52,0,0,0,0,0,0,0,0,0,0
557,52,0,0,0,0,0,0,0,0,0,0
558,52,0,0,0,0,0,0,0,0,0,0
559,52,0,0,0,0,0,0,0,0,0,0
560,53,0,0,0,0,0,0,0,0,0,0
561,53,0,0,0,0,0,0,0,0,0,0
562,53,0,0,0,0,0,0,0,0,0,0
563,53,0,0,0,0,0,0,0,0,0,0
564,54,0,0,0,0,0,0,0,0,0,0
565,55,0,0,0,0,0,0,0,0,0,0
566,56,0,0,0,0,0,0,0,0,0,0
567,57,0,0,0,0,0,0,0,0,0,0
568,57,0,0,0,0,0,0,0,0,0,0
569,58,0,0,0,0,0,0,0,0,0,0
570,58,0,0,0,0,0,0,0,0,0,0
571,59,0,0,0,0,0,0,0,0,0,0
572,59,0,0,0,0,0,0,0,0,0,0
573,59,0,0,0,0,0,0,0,0,0,0
574,59,0,0,0,0,0,0,0,0,0,0
575,60,0,0,0,0,0,0,0,0,0,0
576,60,0,0,0,0,0,0,0,0,0,0
577,60,0,0,0,0,0,0,0,0,0,0
578,61,0,0,0,0,0,0,0,0,0,0
579,62,0,0,0,0,0,0,0,0,0,0
580,62,0,0,0,0,0,0,0,0,0,0
581,63,0,0,0,0,0,0,0,0,0,0
582,63,0,0,0,0,0,0,0,0,0,0
583,63,0,0,0,0,0,0,0,0,0,0
584,63,0,0,0,0,0,0,0,0,0,0
585,64,0,0,0,0,0,0,0,0,0,0
586,64,0,0,0,0,0,0,0,0,0,0
587,64,0,0,0,0,0,0,0,0,0,0
588,64,0,0,0,0,0,0,0,0,0,0
589,64,0,0,0,0,0,0,0,0,0,0
590,64,0,0,0,0,0,0,0,0,0,0
591,65,0,0,0,0,0,0,0,0,0,0
592,66,0,0,0,0,0,0,0,0,0,0
593,66,0,0,0,0,0,0,0,0,0,0
594,67,0,0,0,0,0,0,0,0,0,0
595,67,0,0,0,0,0,0,0,0,0,0
596,67,0,0,0,0,0,0,0,0,0,0
597,67,0,0,0,0,0,0,0,0,0,0
598,67,0,0,0,0,0,0,0,0,0,0
599,67,0,0,0,0,0,0,0,0,0,0
600,68,0,0,0,0,0,0,0,0,0,0
601,68,0,0,0,0,0,0,0,0,0,0
602,68,0,0,0,0,0,0,0,0,0,0
603,69,0,0,0,0,0,0,0,0,0,0
604,70,0,0,0,0,0,0,0,0,0,0
605,71,0,0,0,0,0,0,0,0,0,0
606,72,0,0,0,0,0,0,0,0,0,0
607,73,0,0,0,0,0,0,0,0,0,0
608,73,0,0,0,0,0,0,0,0,0,0
609,74,0,0,0,0,0,0,0,0,0,0
610,75,0,0,0,0,0,0,0,0,0,0
611,75,0,0,0,0,0,0,0,0,0,0
612,75,0,0,0,0,0,0,0,0,0,0
613,76,0,0,0,0,0,0,0,0,0,0
614,76,0,0,0,0,0,0,0,0,0,0
615,77,0,0,0,0,0,0,0,0,0,0
616,77,0,0,0,0,0,0,0,0,0,0
617,78,0,0,0,0,0,0,0,0,0,0
618,78,0,0,0,0,0,0,0,0,0,0
619,78,0,0,0,0,0,0,0,0,0,0
620,79,0,0,0,0,0,0,0,0,0,0
621,79,0,0,0,0,0,0,0,0,0,0
622,79,0,0,0,0,0,0,0,0,0,0
623,53,0,0,0,0,0,0,0,0,0,0
624,53,0,0,0,0,0,0,0,0,0,0
625,53,0,0,0,0,0,0,0,0,0,0
626,80,0,0,0,0,0,0,0,0,0,0
627,81,0,0,0,0,0,0,0,0,0,0
628,82,0,0,0,0,0,0,0,0,0,0
629,82,0,0,0,0,0,0,0,0,0,0
630,83,0,0,0,0,0,0,0,0,0,0
631,84,0,0,0,0,0,0,0,0,0,0
632,84,0,0,0,0,0,0,0,0,0,0
633,84,0,0,0,0,0,0,0,0,0,0
634,85,0,0,0,0,0,0,0,0,0,0
635,86,0,0,0,0,0,0,0,0,0,0
636,87,0,0,0,0,0,0,0,0,0,0
637,88,0,0,0,0,0,0,0,0,0,0
638,89,0,0,0,0,0,0,0,0,0,0
639,89,0,0,0,0,0,0,0,0,0,0
640,89,0,0,0,0,0,0,0,0,0,0
641,90,0,0,0,0,0,0,0,0,0,0
642,91,0,0,0,0,0,0,0,0,0,0
643,92,0,0,0,0,0,0,0,0,0,0
644,92,0,0,0,0,0,0,0,0,0,0
645,92,0,0,0,0,0,0,0,0,0,0
646,93,0,0,0,0,0,0,0,0,0,0
647,93,0,0,0,0,0,0,0,0,0,0
648,93,0,0,0,0,0,0,0,0,0,0
649,93,0,0,0,0,0,0,0,0,0,0
650,93,0,0,0,0,0,0,0,0,0,0
651,93,0,0,0,0,0,0,0,0,0,0
652,94,0,0,0,0,0,0,0,0,0,0
653,95,0,0,0,0,0,0,0,0,0,0
654,96,0,0,0,0,0,0,0,0,0,0
655,96,0,0,0,0,0,0,0,0,0,0
656,96,0,0,0,0,0,0,0,0,0,0
657,96,0,0,0,0,0,0,0,0,0,0
658,96,0,0,0,0,0,0,0,0,0,0
659,96,0,0,0,0,0,0,0,0,0,0
660,96,0,0,0,0,0,0,0,0,0,0
661,97,0,0,0,0,0,0,0,0,0,0
662,97,0,0,0,0,0,0,0,0,0,0
663,97,0,0,0,0,0,0,0,0,0,0
664,98,0,0,0,0,0,0,0,0,0,0
665,98,0,0,0,0,0,0,0,0,0,0
666,99,0,0,0,0,0,0,0,0,0,0
667,99,0,0,0,0,0,0,0,0,0,0
668,99,0,0,0,0,0,0,0,0,0,0
669,100,0,0,0,0,0,0,0,0,0,0
670,100,0,0,0,0,0,0,0,0,0,0
671,100,0,0,0,0,0,0,0,0,0,0
672,101,0,0,0,0,0,0,0,0,0,0
673,101,0,0,0,0,0,0,0,0,0,0
674,101,0,0,0,0,0,0,0,0,0,0
675,36,0,0,0,0,0,0,0,0,0,0
676,36,0,0,0,0,0,0,0,0,0,0
677,36,0,0,0,0,0,0,0,0,0,0
678,36,0,0,0,0,0,0,0,0,0,0
679,36,0,0,0,0,0,0,0,0,0,0
680,36,0,0,0,0,0,0,0,0,0,0
681,36,0,0,0,0,0,0,0,0,0,0
682,36,0,0,0,0,0,0,0,0,0,0
683,37,0,0,0,0,0,0,0,0,0,0
684,37,0,0,0,0,0,0,0,0,0,0
685,37,0,0,0,0,0,0,0,0,0,0
686,37,0,0,0,0,0,0,0,0,0,0
687,37,0,0,0,0,0,0,0,0,0,0
688,37,0,0,0,0,0,0,0,0,0,0
689,37,0,0,0,0,0,0,0,0,0,0
690,37,0,0,0,0,0,0,0,0,0,0
691,109,0,50,0,0,0,0,0,0,0,0
692,109,0,50,0,0,0,0,0,0,0,0
693,109,0,50,0,0,0,0,0,0,0,0
694,109,0,50,0,0,0,0,0,0,0,0
695,109,0,50,0,0,0,0,0,0,0,0
696,109,0,50,0,0,0,0,0,0,0,0
697,109,0,50,0,0,0,0,0,0,0,0
698,109,0,50,0,0,0,0,0,0,0,0
699,109,0,50,0,0,0,0,0,0,0,0
700,109,0,50,0,0,0,0,0,0,0,0
701,109,0,50,0,0,0,0,0,0,0,0
702,109,0,50,0,0,0,0,0,0,0,0
703,109,0,50,0,0,0,0,0,0,0,0
704,109,0,50,0,0,0,0,0,0,0,0
705,109,0,50,0,0,0,0,0,0,0,0
706,109,0,50,0,0,0,0,0,0,0,0
707,109,0,50,0,0,0,0,0,0,0,0
708,109,0,50,0,0,0,0,0,0,0,0
709,109,0,50,0,0,0,0,0,0,0,0
710,109,0,50,0,0,0,0,0,0,0,0
711,109,0,50,0,0,0,0,0,0,0,0
712,109,0,50,0,0,0,0,0,0,0,0
713,109,0,50,0,0,0,0,0,0,0,0
714,109,0,50,0,0,0,0,0,0,0,0
715,109,0,50,0,0,0,0,0,0,0,0
716,109,0,50,0,0,0,0,0,0,0,0
717,108,0,50,0,0,0,0,0,0,0,0
718,108,0,50,0,0,0,0,0,0,0,0
719,108,0,50,0,0,0,0,0,0,0,0
720,108,0,50,0,0,0,0,0,0,0,0
721,108,0,50,0,0,0,0,0,0,0,0
722,108,0,50,0,0,0,0,0,0,0,0
723,108,0,50,0,0,0,0,0,0,0,0
724,108,0,50,0,0,0,0,0,0,0,0
725,108,0,50,0,0,0,0,0,0,0,0
726,108,0,50,0,0,0,0,0,0,0,0
727,108,0,50,0,0,0,0,0,0,0,0
728,108,1,10858,0,0,0,0,0,0,0,0
729,108,0,50,0,0,0,0,0,0,0,0
730,108,0,50,0,0,0,0,0,0,0,0
731,108,0,50,0,0,0,0,0,0,0,0
732,108,0,50,0,0,0,0,0,0,0,0
733,108,0,50,0,0,0,0,0,0,0,0
734,108,0,50,0,0,0,0,0,0,0,0
735,108,0,50,0,0,0,0,0,0,0,0
736,108,0,50,0,0,0,0,0,0,0,0
737,108,0,50,0,0,0,0,0,0,0,0
738,108,0,50,0,0,0,0,0,0,0,0
739,108,0,50,0,0,0,0,0,0,0,0
740,108,0,50,0,0,0,0,0,0,0,0
741,108,0,50,0,0,0,0,0,0,0,0
742,108,0,50,0,0,0,0,0,0,0,0
743,43,0,50,0,0,0,0,0,0,0,0
744,43,0,50,0,0,0,0,0,0,0,0
745,43,0,50,0,0,0,0,0,0,0,0
746,43,0,50,0,0,0,0,0,0,0,0
747,110,0,50,0,0,0,0,0,0,0,0
748,110,0,50,0,0,0,0,0,0,0,0
749,110,0,50,0,0,0,0,0,0,0,0
750,110,0,50,0,0,0,0,0,0,0,0
751,110,0,50,0,0,0,0,0,0,0,0
752,110,0,50,0,0,0,0,0,0,0,0
753,110,1,10869,0,0,0,0,0,0,0,0
754,110,0,50,0,0,0,0,0,0,0,0
755,110,0,50,0,0,0,0,0,0,0,0
756,110,1,10872,0,0,0,0,0,0,0,0
757,110,0,50,0,0,0,0,0,0,0,0
758,110,0,50,0,0,0,0,0,0,0,0
759,110,1,10870,0,0,0,0,0,0,0,0
760,110,0,50,0,0,0,0,0,0,0,0
761,111,0,50,0,0,0,0,0,0,0,0
762,111,0,50,0,0,0,0,0,0,0,0
763,111,0,50,0,0,0,0,0,0,0,0
764,111,0,50,0,0,0,0,0,0,0,0
765,111,0,50,0,0,0,0,0,0,0,0
766,111,0,50,0,0,0,0,0,0,0,0
767,110,0,50,0,0,0,0,0,0,0,0
768,110,0,50,0,0,0,0,0,0,0,0
769,110,0,50,0,0,0,0,0,0,0,0
770,110,0,50,0,0,0,0,0,0,0,0
771,110,0,50,0,0,0,0,0,0,0,0
772,110,0,50,0,0,0,0,0,0,0,0
773,111,0,50,0,0,0,0,0,0,0,0
774,111,0,50,0,0,0,0,0,0,0,0
775,111,0,50,0,0,0,0,0,0,0,0
776,111,0,50,0,0,0,0,0,0,0,0
777,111,0,50,0,0,0,0,0,0,0,0
778,111,0,50,0,0,0,0,0,0,0,0
779,111,0,50,0,0,0,0,0,0,0,0
780,111,0,50,0,0,0,0,0,0,0,0
781,111,1,10876,0,0,0,0,0,0,0,0
782,111,1,10877,0,0,0,0,0,0,0,0
783,111,1,10878,0,0,0,0,0,0,0,0
784,111,1,10879,0,0,0,0,0,0,0,0
785,111,0,50,0,0,0,0,0,0,0,0
786,111,0,50,0,0,0,0,0,0,0,0
787,111,0,50,0,0,0,0,0,0,0,0
788,111,0,50,0,0,0,0,0,0,0,0
789,111,0,50,0,0,0,0,0,0,0,0
790,111,0,50,0,0,0,0,0,0,0,0
791,112,0,50,0,0,0,0,0,0,0,0
792,112,0,50,0,0,0,0,0,0,0,0
793,112,0,50,0,0,0,0,0,0,0,0
794,112,0,50,0,0,0,0,0,0,0,0
795,112,0,50,0,0,0,0,0,0,0,0
796,112,0,50,0,0,0,0,0,0,0,0
797,112,0,50,0,0,0,0,0,0,0,0
798,112,0,50,0,0,0,0,0,0,0,0
799,112,1,10881,0,0,0,0,0,0,0,0
800,112,0,50,0,0,0,0,0,0,0,0
801,112,1,10882,0,0,0,0,0,0,0,0
802,112,0,50,0,0,0,0,0,0,0,0
803,112,0,50,0,0,0,0,0,0,0,0
804,112,0,50,0,0,0,0,0,0,0,0
805,112,1,10883,0,0,0,0,0,0,0,0
806,112,1,10884,0,0,0,0,0,0,0,0
807,45,1,10902,0,0,0,0,0,0,0,0
808,45,1,10903,0,0,0,0,0,0,0,0
809,45,7,207431,0,0,0,0,0,0,0,0
810,45,0,50,0,0,0,0,0,0,0,0
811,45,1,10904,0,0,0,0,0,0,0,0
812,45,7,207448,0,0,0,0,0,0,0,0
813,45,0,50,0,0,0,0,0,0,0,0
814,45,1,10905,0,0,0,0,0,0,0,0
815,45,1,10906,0,0,0,0,0,0,0,0
816,45,0,50,0,0,0,0,0,0,0,0
817,45,1,10908,0,0,0,0,0,0,0,0
818,45,1,10909,0,0,0,0,0,0,0,0
819,45,0,50,0,0,0,0,0,0,0,0
820,45,0,50,0,0,0,0,0,0,0,0
821,45,7,207441,0,0,0,0,0,0,0,0
822,45,0,50,0,0,0,0,0,0,0,0
823,45,1,10911,0,0,0,0,0,0,0,0
824,45,7,207442,0,0,0,0,0,0,0,0
825,45,0,50,0,0,0,0,0,0,0,0
826,45,1,10912,0,0,0,0,0,0,0,0
827,177,0,0,0,0,0,0,0,0,0,0
828,177,0,0,0,0,0,0,0,0,0,0
829,177,0,0,0,0,0,0,0,0,0,0
830,177,0,0,0,0,0,0,0,0,0,0
831,112,0,50,0,0,0,0,0,0,0,0
832,45,1,10910,0,0,0,0,0,0,0,0
833,44,0,50,0,0,0,0,0,0,0,0
834,44,7,207430,0,0,0,0,0,0,0,0
835,44,7,207433,0,0,0,0,0,0,0,0
836,44,1,10907,0,0,0,0,0,0,0,0
837,113,8,30581,0,0,0,0,0,0,0,0
838,113,8,30579,0,0,0,0,0,0,0,0
839,113,8,30580,0,0,0,0,0,0,0,0
840,113,8,30579,0,0,0,0,0,0,0,0
841,113,8,30580,0,0,0,0,0,0,0,0
842,113,8,30579,0,0,0,0,0,0,0,0
843,113,8,30579,0,0,0,0,0,0,0,0
844,113,8,30579,0,0,0,0,0,0,0,0
845,113,8,30582,0,0,0,0,0,0,0,0
846,113,1,10889,0,0,0,0,0,0,0,0
847,113,0,50,0,0,0,0,0,0,0,0
848,113,8,30579,0,0,0,0,0,0,0,0
849,113,8,30579,0,0,0,0,0,0,0,0
850,113,1,10889,0,0,0,0,0,0,0,0
851,113,8,30586,0,0,0,0,0,0,0,0
852,113,8,30586,0,0,0,0,0,0,0,0
853,113,8,30586,0,0,0,0,0,0,0,0
854,113,8,30586,0,0,0,0,0,0,0,0
855,113,8,30586,0,0,0,0,0,0,0,0
856,113,8,30586,0,0,0,0,0,0,0,0
857,113,8,0,0,0,0,0,0,0,0,0
858,113,8,0,0,0,0,0,0,0,0,0
859,113,8,0,0,0,0,0,0,0,0,0
860,113,8,0,0,0,0,0,0,0,0,0
861,113,8,0,0,0,0,0,0,0,0,0
862,113,8,0,0,0,0,0,0,0,0,0
863,113,8,0,0,0,0,0,0,0,0,0
864,113,8,0,0,0,0,0,0,0,0,0
865,113,8,30583,0,0,0,0,0,0,0,0
866,113,8,30583,0,0,0,0,0,0,0,0
867,113,8,30583,0,0,0,0,0,0,0,0
868,113,8,30583,0,0,0,0,0,0,0,0
869,113,8,30583,0,0,0,0,0,0,0,0
870,113,8,30583,0,0,0,0,0,0,0,0
871,113,8,30583,0,0,0,0,0,0,0,0
872,113,8,30583,0,0,0,0,0,0,0,0
873,,,,,,,,,,,
874,,,,,,,,,,,
875,,,,,,,,,,,
876,,,,,,,,,,,
877,,,,,,,,,,,
878,,,,,,,,,,,
879,,,,,,,,,,,
880,,,,,,,,,,,
881,,,,,,,,,,,
882,,,,,,,,,,,
883,,,,,,,,,,,
884,,,,,,,,,,,
885,,,,,,,,,,,
886,,,,,,,,,,,
887,,,,,,,,,,,
888,,,,,,,,,,,
889,,,,,,,,,,,
890,,,,,,,,,,,
891,113,1,10886,0,0,0,0,0,0,0,0
892,113,1,10885,0,0,0,0,0,0,0,0
893,113,1,10922,0,0,0,0,0,0,0,0
894,118,8,42607,0,0,0,0,0,0,0,0
895,118,8,42607,0,0,0,0,0,0,0,0
896,118,8,42607,0,0,0,0,0,0,0,0
897,118,8,42607,0,0,0,0,0,0,0,0
898,118,8,42607,0,0,0,0,0,0,0,0
899,118,8,42607,0,0,0,0,0,0,0,0
900,118,8,42607,0,0,0,0,0,0,0,0
901,118,8,42607,0,0,0,0,0,0,0,0
902,118,8,42607,0,0,0,0,0,0,0,0
903,118,8,42607,0,0,0,0,0,0,0,0
904,118,8,42607,0,0,0,0,0,0,0,0
905,118,8,42607,0,0,0,0,0,0,0,0
906,118,1,10924,0,0,0,0,0,0,0,0
907,119,8,42610,0,0,0,0,0,0,0,0
908,119,8,42610,0,0,0,0,0,0,0,0
909,119,8,42610,0,0,0,0,0,0,0,0
910,119,8,42610,0,0,0,0,0,0,0,0
911,119,8,42610,0,0,0,0,0,0,0,0
912,119,1,10931,0,0,0,0,0,0,0,0
913,119,1,10927,0,0,0,0,0,0,0,0
914,119,1,10928,0,0,0,0,0,0,0,0
915,,,,,,,,,,,
916,,,,,,,,,,,
917,,,,,,,,,,,
918,,,,,,,,,,,
919,,,,,,,,,,,
920,,,,,,,,,,,
921,,,,,,,,,,,
922,,,,,,,,,,,
923,,,,,,,,,,,
924,,,,,,,,,,,
925,114,8,30587,0,0,0,0,0,0,0,0
926,114,8,30587,0,0,0,0,0,0,0,0
927,114,8,30587,0,0,0,0,0,0,0,0
928,114,8,30587,0,0,0,0,0,0,0,0
929,114,8,30587,0,0,0,0,0,0,0,0
930,114,1,10891,0,0,0,0,0,0,0,0
931,114,8,30588,0,0,0,0,0,0,0,0
932,114,8,30588,0,0,0,0,0,0,0,0
933,114,8,30588,0,0,0,0,0,0,0,0
934,114,8,30588,0,0,0,0,0,0,0,0
935,114,8,30588,0,0,0,0,0,0,0,0
936,114,1,10892,0,0,0,0,0,0,0,0
937,,,,,,,,,,,
938,115,8,30589,0,0,0,0,0,0,0,0
939,115,8,30589,0,0,0,0,0,0,0,0
940,115,8,30589,0,0,0,0,0,0,0,0
941,115,8,30589,0,0,0,0,0,0,0,0
942,115,1,10893,0,0,0,0,0,0,0,0
943,115,8,30590,0,0,0,0,0,0,0,0
944,115,8,30590,0,0,0,0,0,0,0,0
945,115,8,30590,0,0,0,0,0,0,0,0
946,115,8,30590,0,0,0,0,0,0,0,0
947,115,8,30590,0,0,0,0,0,0,0,0
948,115,1,10894,0,0,0,0,0,0,0,0
949,116,8,30591,0,0,0,0,0,0,0,0
950,116,8,30591,0,0,0,0,0,0,0,0
951,116,8,30591,0,0,0,0,0,0,0,0
952,116,8,30591,0,0,0,0,0,0,0,0
953,116,8,30591,0,0,0,0,0,0,0,0
954,116,1,10895,0,0,0,0,0,0,0,0
955,116,8,30592,0,0,0,0,0,0,0,0
956,116,8,30592,0,0,0,0,0,0,0,0
957,116,8,30592,0,0,0,0,0,0,0,0
958,116,8,30592,0,0,0,0,0,0,0,0
959,116,8,30592,0,0,0,0,0,0,0,0
960,116,1,10897,0,0,0,0,0,0,0,0
961,117,8,30593,0,0,0,0,0,0,0,0
962,117,8,30593,0,0,0,0,0,0,0,0
963,117,8,30593,0,0,0,0,0,0,0,0
964,117,8,30593,0,0,0,0,0,0,0,0
965,117,8,30593,0,0,0,0,0,0,0,0
966,117,1,10899,0,0,0,0,0,0,0,0
967,117,8,30594,0,0,0,0,0,0,0,0
968,117,8,30594,0,0,0,0,0,0,0,0
969,117,8,30594,0,0,0,0,0,0,0,0
970,117,8,30594,0,0,0,0,0,0,0,0
971,117,8,30594,0,0,0,0,0,0,0,0
972,117,1,10925,0,0,0,0,0,0,0,0
973,,,,,,,,,,,
974,,,,,,,,,,,
975,,,,,,,,,,,
976,,,,,,,,,,,
977,,,,,,,,,,,
978,,,,,,,,,,,
979,,,,,,,,,,,
980,,,,,,,,,,,
981,,,,,,,,,,,
982,,,,,,,,,,,
983,,,,,,,,,,,
984,,,,,,,,,,,
985,,,,,,,,,,,
986,,,,,,,,,,,
987,,,,,,,,,,,
988,,,,,,,,,,,
989,,,,,,,,,,,
990,,,,,,,,,,,
991,,,,,,,,,,,
992,,,,,,,,,,,
993,,,,,,,,,,,
994,,,,,,,,,,,
995,,,,,,,,,,,
996,,,,,,,,,,,
997,,,,,,,,,,,
998,,,,,,,,,,,
999,,,,,,,,,,,
1000,,,,,,,,,,,
1001,,,,,,,,,,,
1002,,,,,,,,,,,
1003,,,,,,,,,,,
1004,,,,,,,,,,,
1005,,,,,,,,,,,
1006,,,,,,,,,,,
1007,,,,,,,,,,,
1008,,,,,,,,,,,
1009,,,,,,,,,,,
1010,,,,,,,,,,,
1011,,,,,,,,,,,
1012,,,,,,,,,,,
1013,,,,,,,,,,,
1014,,,,,,,,,,,
1015,,,,,,,,,,,
1016,,,,,,,,,,,
1017,,,,,,,,,,,
1018,,,,,,,,,,,
1019,,,,,,,,,,,
1020,,,,,,,,,,,
1021,,,,,,,,,,,
1022,,,,,,,,,,,
1023,,,,,,,,,,,
1024,,,,,,,,,,,
1025,,,,,,,,,,,
1026,,,,,,,,,,,
1027,,,,,,,,,,,
1028,,,,,,,,,,,
1029,,,,,,,,,,,
1030,,,,,,,,,,,
1031,,,,,,,,,,,
1032,,,,,,,,,,,
1033,,,,,,,,,,,
1034,,,,,,,,,,,
1035,,,,,,,,,,,
1036,,,,,,,,,,,
1037,,,,,,,,,,,
1038,,,,,,,,,,,
1039,,,,,,,,,,,
1040,,,,,,,,,,,
1041,,,,,,,,,,,
1042,,,,,,,,,,,
1043,,,,,,,,,,,
1044,,,,,,,,,,,
1045,,,,,,,,,,,
1046,,,,,,,,,,,
1047,,,,,,,,,,,
1048,,,,,,,,,,,
1049,,,,,,,,,,,
1050,,,,,,,,,,,
1051,,,,,,,,,,,
1052,,,,,,,,,,,
1053,,,,,,,,,,,
1054,,,,,,,,,,,
1055,,,,,,,,,,,
1056,,,,,,,,,,,
1057,,,,,,,,,,,
1058,,,,,,,,,,,
1059,,,,,,,,,,,
1060,,,,,,,,,,,
1061,,,,,,,,,,,
1062,,,,,,,,,,,
1063,,,,,,,,,,,
1064,,,,,,,,,,,
1065,,,,,,,,,,,
1066,,,,,,,,,,,
1067,,,,,,,,,,,
1068,,,,,,,,,,,
1069,,,,,,,,,,,
1070,,,,,,,,,,,
1071,,,,,,,,,,,
1072,,,,,,,,,,,
1073,,,,,,,,,,,
1074,,,,,,,,,,,
1075,,,,,,,,,,,
1076,,,,,,,,,,,
1077,,,,,,,,,,,
1078,,,,,,,,,,,
1079,,,,,,,,,,,
1080,,,,,,,,,,,
1081,,,,,,,,,,,
1082,,,,,,,,,,,
1083,,,,,,,,,,,
1084,,,,,,,,,,,
1085,,,,,,,,,,,
1086,,,,,,,,,,,
1087,,,,,,,,,,,
1088,,,,,,,,,,,
1089,,,,,,,,,,,
1090,,,,,,,,,,,
1091,,,,,,,,,,,
1092,,,,,,,,,,,
1093,,,,,,,,,,,
1094,,,,,,,,,,,
1095,,,,,,,,,,,
1096,,,,,,,,,,,
1097,,,,,,,,,,,
1098,,,,,,,,,,,
1099,,,,,,,,,,,
1100,,,,,,,,,,,
1101,,,,,,,,,,,
1102,,,,,,,,,,,
1103,,,,,,,,,,,
1104,,,,,,,,,,,
1105,,,,,,,,,,,
1106,,,,,,,,,,,
1107,,,,,,,,,,,
1108,,,,,,,,,,,
1109,,,,,,,,,,,
1110,,,,,,,,,,,
1111,,,,,,,,,,,
1112,,,,,,,,,,,
1113,,,,,,,,,,,
1114,,,,,,,,,,,
1115,,,,,,,,,,,
1116,,,,,,,,,,,
1117,,,,,,,,,,,
1118,,,,,,,,,,,
1119,,,,,,,,,,,
1120,,,,,,,,,,,
1121,,,,,,,,,,,
1122,,,,,,,,,,,
1123,,,,,,,,,,,
1124,,,,,,,,,,,
1125,,,,,,,,,,,
1126,,,,,,,,,,,
1127,,,,,,,,,,,
1128,,,,,,,,,,,
1129,,,,,,,,,,,
1130,,,,,,,,,,,
1131,,,,,,,,,,,
1132,,,,,,,,,,,
1133,,,,,,,,,,,
1134,,,,,,,,,,,
1135,,,,,,,,,,,
1136,,,,,,,,,,,
1137,,,,,,,,,,,
1138,,,,,,,,,,,
1139,,,,,,,,,,,
1140,,,,,,,,,,,
1141,,,,,,,,,,,
1142,,,,,,,,,,,
1143,,,,,,,,,,,
1144,,,,,,,,,,,
1145,,,,,,,,,,,
1146,,,,,,,,,,,
1147,,,,,,,,,,,
1148,,,,,,,,,,,
1149,,,,,,,,,,,
1150,,,,,,,,,,,
1151,,,,,,,,,,,
1152,,,,,,,,,,,
1153,,,,,,,,,,,
1154,,,,,,,,,,,
1155,,,,,,,,,,,
1156,,,,,,,,,,,
1157,,,,,,,,,,,
1158,,,,,,,,,,,
1159,,,,,,,,,,,
1160,,,,,,,,,,,
1161,,,,,,,,,,,
1162,,,,,,,,,,,
1163,,,,,,,,,,,
1164,,,,,,,,,,,
1165,,,,,,,,,,,
1166,,,,,,,,,,,
1167,,,,,,,,,,,
1168,,,,,,,,,,,
1169,,,,,,,,,,,
1170,,,,,,,,,,,
1171,,,,,,,,,,,
1172,,,,,,,,,,,
1173,,,,,,,,,,,
1174,,,,,,,,,,,
1175,,,,,,,,,,,
1176,,,,,,,,,,,
1177,,,,,,,,,,,
1178,,,,,,,,,,,
1179,,,,,,,,,,,
1180,,,,,,,,,,,
1181,,,,,,,,,,,
1182,,,,,,,,,,,
1183,,,,,,,,,,,
1184,,,,,,,,,,,
1185,,,,,,,,,,,
1186,,,,,,,,,,,
1187,,,,,,,,,,,
1188,,,,,,,,,,,
1189,,,,,,,,,,,
1190,,,,,,,,,,,
1191,,,,,,,,,,,
1192,,,,,,,,,,,
1193,,,,,,,,,,,
1194,,,,,,,,,,,
1195,,,,,,,,,,,
1196,,,,,,,,,,,
1197,,,,,,,,,,,
1198,,,,,,,,,,,
1199,,,,,,,,,,,
1200,,,,,,,,,,,
1201,,,,,,,,,,,
1202,,,,,,,,,,,
1203,,,,,,,,,,,
1204,,,,,,,,,,,
1205,,,,,,,,,,,
1206,,,,,,,,,,,
1207,,,,,,,,,,,
1208,,,,,,,,,,,
1209,,,,,,,,,,,
1210,,,,,,,,,,,
1211,,,,,,,,,,,
1212,,,,,,,,,,,
1213,,,,,,,,,,,
1214,,,,,,,,,,,
1215,,,,,,,,,,,
1216,,,,,,,,,,,
1217,,,,,,,,,,,
1218,,,,,,,,,,,
1219,,,,,,,,,,,
1220,,,,,,,,,,,
1221,,,,,,,,,,,
1222,,,,,,,,,,,
1223,,,,,,,,,,,
1224,,,,,,,,,,,
1225,,,,,,,,,,,
1226,,,,,,,,,,,
1227,,,,,,,,,,,
1228,,,,,,,,,,,
1229,,,,,,,,,,,
1230,,,,,,,,,,,
1231,,,,,,,,,,,
1232,,,,,,,,,,,
1233,,,,,,,,,,,
1234,,,,,,,,,,,
1235,,,,,,,,,,,
1236,,,,,,,,,,,
1237,,,,,,,,,,,
1238,,,,,,,,,,,
1239,,,,,,,,,,,
1240,,,,,,,,,,,
1241,,,,,,,,,,,
1242,,,,,,,,,,,
1243,,,,,,,,,,,
1244,,,,,,,,,,,
1245,,,,,,,,,,,
1246,,,,,,,,,,,
1247,,,,,,,,,,,
1248,,,,,,,,,,,
1249,,,,,,,,,,,
1250,,,,,,,,,,,
1251,,,,,,,,,,,
1252,,,,,,,,,,,
1253,,,,,,,,,,,
1254,,,,,,,,,,,
1255,,,,,,,,,,,
1256,,,,,,,,,,,
1257,,,,,,,,,,,
1258,,,,,,,,,,,
1259,,,,,,,,,,,
1260,,,,,,,,,,,
1261,,,,,,,,,,,
1262,,,,,,,,,,,
1263,,,,,,,,,,,
1264,,,,,,,,,,,
1265,,,,,,,,,,,
1266,,,,,,,,,,,
1267,,,,,,,,,,,
1268,,,,,,,,,,,
1269,,,,,,,,,,,
1270,,,,,,,,,,,
1271,,,,,,,,,,,
1272,,,,,,,,,,,
1273,,,,,,,,,,,
1274,,,,,,,,,,,
1275,,,,,,,,,,,
1276,,,,,,,,,,,
1277,,,,,,,,,,,
1278,,,,,,,,,,,
1279,,,,,,,,,,,
1280,,,,,,,,,,,
1281,,,,,,,,,,,
1282,,,,,,,,,,,
1283,,,,,,,,,,,
1284,,,,,,,,,,,
1285,,,,,,,,,,,
1286,,,,,,,,,,,
1287,,,,,,,,,,,
1288,,,,,,,,,,,
1289,,,,,,,,,,,
1290,,,,,,,,,,,
1291,,,,,,,,,,,
1292,,,,,,,,,,,
1293,,,,,,,,,,,
1294,,,,,,,,,,,
1295,,,,,,,,,,,
1296,,,,,,,,,,,
1297,,,,,,,,,,,
1298,,,,,,,,,,,
1299,,,,,,,,,,,
1300,,,,,,,,,,,
1301,,,,,,,,,,,
1302,,,,,,,,,,,
1303,,,,,,,,,,,
1304,,,,,,,,,,,
1305,,,,,,,,,,,
1306,,,,,,,,,,,
1307,,,,,,,,,,,
1308,,,,,,,,,,,
1309,,,,,,,,,,,
1310,,,,,,,,,,,
1311,,,,,,,,,,,
1312,,,,,,,,,,,
1313,,,,,,,,,,,
1314,,,,,,,,,,,
1315,,,,,,,,,,,
1316,,,,,,,,,,,
1317,,,,,,,,,,,
1318,,,,,,,,,,,
1319,,,,,,,,,,,
1320,,,,,,,,,,,
1321,,,,,,,,,,,
1322,,,,,,,,,,,
1323,,,,,,,,,,,
1324,,,,,,,,,,,
1325,,,,,,,,,,,
1326,,,,,,,,,,,
1327,,,,,,,,,,,
1328,,,,,,,,,,,
1329,,,,,,,,,,,
1330,,,,,,,,,,,
1331,,,,,,,,,,,
1332,,,,,,,,,,,
1333,,,,,,,,,,,
1334,,,,,,,,,,,
1335,,,,,,,,,,,
1336,,,,,,,,,,,
1337,,,,,,,,,,,
1338,,,,,,,,,,,
1339,,,,,,,,,,,
1340,,,,,,,,,,,
1341,,,,,,,,,,,
1342,,,,,,,,,,,
1343,,,,,,,,,,,
1344,,,,,,,,,,,
1345,,,,,,,,,,,
1346,,,,,,,,,,,
1347,,,,,,,,,,,
1348,,,,,,,,,,,
1349,,,,,,,,,,,
1350,,,,,,,,,,,
1351,,,,,,,,,,,
1352,,,,,,,,,,,
1353,,,,,,,,,,,
1354,,,,,,,,,,,
1355,,,,,,,,,,,
1356,,,,,,,,,,,
1357,,,,,,,,,,,
1358,,,,,,,,,,,
1359,,,,,,,,,,,
1360,,,,,,,,,,,
1361,,,,,,,,,,,
1362,,,,,,,,,,,
1363,,,,,,,,,,,
1364,,,,,,,,,,,
1365,,,,,,,,,,,
1366,,,,,,,,,,,
1367,,,,,,,,,,,
1368,,,,,,,,,,,
1369,,,,,,,,,,,
1370,,,,,,,,,,,
1371,,,,,,,,,,,
1372,,,,,,,,,,,
1373,,,,,,,,,,,
1374,,,,,,,,,,,
1375,,,,,,,,,,,
1376,,,,,,,,,,,
1377,,,,,,,,,,,
1378,,,,,,,,,,,
1379,,,,,,,,,,,
1380,,,,,,,,,,,
1381,,,,,,,,,,,
1382,,,,,,,,,,,
1383,,,,,,,,,,,
1384,,,,,,,,,,,
1385,,,,,,,,,,,
1386,,,,,,,,,,,
1387,,,,,,,,,,,
1388,,,,,,,,,,,
1389,,,,,,,,,,,
1390,,,,,,,,,,,
1391,,,,,,,,,,,
1392,,,,,,,,,,,
1393,,,,,,,,,,,
1394,,,,,,,,,,,
1395,,,,,,,,,,,
1396,,,,,,,,,,,
1397,,,,,,,,,,,
1398,,,,,,,,,,,
1399,,,,,,,,,,,
1400,,,,,,,,,,,
1401,,,,,,,,,,,
1402,,,,,,,,,,,
1403,,,,,,,,,,,
1404,,,,,,,,,,,
1405,,,,,,,,,,,
1406,,,,,,,,,,,
1407,,,,,,,,,,,
1408,,,,,,,,,,,
1409,,,,,,,,,,,
1410,,,,,,,,,,,
1411,,,,,,,,,,,
1412,,,,,,,,,,,
1413,,,,,,,,,,,
1414,,,,,,,,,,,
1415,,,,,,,,,,,
1416,,,,,,,,,,,
1417,,,,,,,,,,,
1418,,,,,,,,,,,
1419,,,,,,,,,,,
1420,,,,,,,,,,,
1421,,,,,,,,,,,
1422,,,,,,,,,,,
1423,,,,,,,,,,,
1424,,,,,,,,,,,
1425,,,,,,,,,,,
1426,,,,,,,,,,,
1427,,,,,,,,,,,
1428,,,,,,,,,,,
1429,,,,,,,,,,,
1430,,,,,,,,,,,
1431,,,,,,,,,,,
1432,,,,,,,,,,,
1433,,,,,,,,,,,
1434,,,,,,,,,,,
1435,,,,,,,,,,,
1436,,,,,,,,,,,
1437,,,,,,,,,,,
1438,,,,,,,,,,,
1439,,,,,,,,,,,
1440,,,,,,,,,,,
1441,,,,,,,,,,,
1442,,,,,,,,,,,
1443,,,,,,,,,,,
1444,,,,,,,,,,,
1445,,,,,,,,,,,
1446,,,,,,,,,,,
1447,,,,,,,,,,,
1448,,,,,,,,,,,
1449,,,,,,,,,,,
1450,,,,,,,,,,,
1451,,,,,,,,,,,
1452,,,,,,,,,,,
1453,,,,,,,,,,,
1454,,,,,,,,,,,
1455,,,,,,,,,,,
1456,,,,,,,,,,,
1457,,,,,,,,,,,
1458,,,,,,,,,,,
1459,,,,,,,,,,,
1460,,,,,,,,,,,
1461,,,,,,,,,,,
1462,,,,,,,,,,,
1463,,,,,,,,,,,
1464,,,,,,,,,,,
1465,,,,,,,,,,,
1466,,,,,,,,,,,
1467,,,,,,,,,,,
1468,,,,,,,,,,,
1469,,,,,,,,,,,
1470,,,,,,,,,,,
1471,,,,,,,,,,,
1472,,,,,,,,,,,
1473,,,,,,,,,,,
1474,,,,,,,,,,,
1475,,,,,,,,,,,
1476,,,,,,,,,,,
1477,,,,,,,,,,,
1478,,,,,,,,,,,
1479,,,,,,,,,,,
1480,,,,,,,,,,,
1481,,,,,,,,,,,
1482,,,,,,,,,,,
1483,,,,,,,,,,,
1484,,,,,,,,,,,
1485,,,,,,,,,,,
1486,,,,,,,,,,,
1487,,,,,,,,,,,
1488,,,,,,,,,,,
1489,,,,,,,,,,,
1490,,,,,,,,,,,
1491,,,,,,,,,,,
1492,,,,,,,,,,,
1493,,,,,,,,,,,
1494,,,,,,,,,,,
1495,,,,,,,,,,,
1496,,,,,,,,,,,
1497,,,,,,,,,,,
1498,,,,,,,,,,,
1499,,,,,,,,,,,
1500,,,,,,,,,,,
1501,,,,,,,,,,,
1502,,,,,,,,,,,
1503,,,,,,,,,,,
1504,,,,,,,,,,,
1505,,,,,,,,,,,
1506,,,,,,,,,,,
1507,,,,,,,,,,,
1508,,,,,,,,,,,
1509,,,,,,,,,,,
1510,,,,,,,,,,,
1511,,,,,,,,,,,
1512,,,,,,,,,,,
1513,,,,,,,,,,,
1514,,,,,,,,,,,
1515,,,,,,,,,,,
1516,,,,,,,,,,,
1517,,,,,,,,,,,
1518,,,,,,,,,,,
1519,,,,,,,,,,,
1520,,,,,,,,,,,
1521,,,,,,,,,,,
1522,,,,,,,,,,,
1523,,,,,,,,,,,
1524,,,,,,,,,,,
1525,,,,,,,,,,,
1526,,,,,,,,,,,
1527,,,,,,,,,,,
1528,,,,,,,,,,,
1529,,,,,,,,,,,
1530,,,,,,,,,,,
1531,,,,,,,,,,,
1532,,,,,,,,,,,
1533,,,,,,,,,,,
1534,,,,,,,,,,,
1535,,,,,,,,,,,
1536,,,,,,,,,,,
1537,,,,,,,,,,,
1538,,,,,,,,,,,
1539,,,,,,,,,,,
1540,,,,,,,,,,,
1541,,,,,,,,,,,
1542,,,,,,,,,,,
1543,,,,,,,,,,,
1544,,,,,,,,,,,
1545,,,,,,,,,,,
1546,,,,,,,,,,,
1547,,,,,,,,,,,
1548,,,,,,,,,,,
1549,,,,,,,,,,,
1550,,,,,,,,,,,
1551,,,,,,,,,,,
1552,,,,,,,,,,,
1553,,,,,,,,,,,
1554,,,,,,,,,,,
1555,,,,,,,,,,,
1556,,,,,,,,,,,
1557,,,,,,,,,,,
1558,,,,,,,,,,,
1559,,,,,,,,,,,
1560,,,,,,,,,,,
1561,,,,,,,,,,,
1562,,,,,,,,,,,
1563,,,,,,,,,,,
1564,,,,,,,,,,,
1565,,,,,,,,,,,
1566,,,,,,,,,,,
1567,,,,,,,,,,,
1568,,,,,,,,,,,
1569,,,,,,,,,,,
1570,,,,,,,,,,,
1571,,,,,,,,,,,
1572,,,,,,,,,,,
1573,,,,,,,,,,,
1574,,,,,,,,,,,
1575,,,,,,,,,,,
1576,,,,,,,,,,,
1577,,,,,,,,,,,
1578,,,,,,,,,,,
1579,,,,,,,,,,,
1580,,,,,,,,,,,
1581,,,,,,,,,,,
1582,,,,,,,,,,,
1583,,,,,,,,,,,
1584,,,,,,,,,,,
1585,,,,,,,,,,,
1586,,,,,,,,,,,
1587,,,,,,,,,,,
1588,,,,,,,,,,,
1589,,,,,,,,,,,
1590,,,,,,,,,,,
1591,,,,,,,,,,,
1592,,,,,,,,,,,
1593,,,,,,,,,,,
1594,,,,,,,,,,,
1595,,,,,,,,,,,
1596,,,,,,,,,,,
1597,,,,,,,,,,,
1598,,,,,,,,,,,
1599,,,,,,,,,,,
1600,,,,,,,,,,,
1601,,,,,,,,,,,
1602,,,,,,,,,,,
1603,,,,,,,,,,,
1604,,,,,,,,,,,
1605,,,,,,,,,,,
1606,,,,,,,,,,,
1607,,,,,,,,,,,
1608,,,,,,,,,,,
1609,,,,,,,,,,,
1610,,,,,,,,,,,
1611,,,,,,,,,,,
1612,,,,,,,,,,,
1613,,,,,,,,,,,
1614,,,,,,,,,,,
1615,,,,,,,,,,,
1616,,,,,,,,,,,
1617,,,,,,,,,,,
1618,,,,,,,,,,,
1619,,,,,,,,,,,
1620,,,,,,,,,,,
1621,,,,,,,,,,,
1622,,,,,,,,,,,
1623,,,,,,,,,,,
1624,,,,,,,,,,,
1625,,,,,,,,,,,
1626,,,,,,,,,,,
1627,,,,,,,,,,,
1628,,,,,,,,,,,
1629,,,,,,,,,,,
1630,,,,,,,,,,,
1631,,,,,,,,,,,
1632,,,,,,,,,,,
1633,,,,,,,,,,,
1634,,,,,,,,,,,
1635,,,,,,,,,,,
1636,,,,,,,,,,,
1637,,,,,,,,,,,
1638,,,,,,,,,,,
1639,,,,,,,,,,,
1640,,,,,,,,,,,
1641,,,,,,,,,,,
1642,,,,,,,,,,,
1643,,,,,,,,,,,
1644,,,,,,,,,,,
1645,,,,,,,,,,,
1646,,,,,,,,,,,
1647,,,,,,,,,,,
1648,,,,,,,,,,,
1649,,,,,,,,,,,
1650,,,,,,,,,,,
1651,,,,,,,,,,,
1652,,,,,,,,,,,
1653,,,,,,,,,,,
1654,,,,,,,,,,,
1655,,,,,,,,,,,
1656,,,,,,,,,,,
1657,,,,,,,,,,,
1658,,,,,,,,,,,
1659,,,,,,,,,,,
1660,,,,,,,,,,,
1661,,,,,,,,,,,
1662,,,,,,,,,,,
1663,,,,,,,,,,,
1664,,,,,,,,,,,
1665,,,,,,,,,,,
1666,,,,,,,,,,,
1667,,,,,,,,,,,
1668,,,,,,,,,,,
1669,,,,,,,,,,,
1670,,,,,,,,,,,
1671,,,,,,,,,,,
1672,,,,,,,,,,,
1673,,,,,,,,,,,
1674,,,,,,,,,,,
1675,,,,,,,,,,,
1676,,,,,,,,,,,
1677,,,,,,,,,,,
1678,,,,,,,,,,,
1679,,,,,,,,,,,
1680,,,,,,,,,,,
1681,,,,,,,,,,,
1682,,,,,,,,,,,
1683,,,,,,,,,,,
1684,,,,,,,,,,,
1685,,,,,,,,,,,
1686,,,,,,,,,,,
1687,,,,,,,,,,,
1688,,,,,,,,,,,
1689,,,,,,,,,,,
1690,,,,,,,,,,,
1691,,,,,,,,,,,
1692,,,,,,,,,,,
1693,,,,,,,,,,,
1694,,,,,,,,,,,
1695,,,,,,,,,,,
1696,,,,,,,,,,,
1697,,,,,,,,,,,
1698,,,,,,,,,,,
1699,,,,,,,,,,,
1700,,,,,,,,,,,
1701,,,,,,,,,,,
1702,,,,,,,,,,,
1703,,,,,,,,,,,
1704,,,,,,,,,,,
1705,,,,,,,,,,,
1706,,,,,,,,,,,
1707,,,,,,,,,,,
1708,,,,,,,,,,,
1709,,,,,,,,,,,
1710,,,,,,,,,,,
1711,,,,,,,,,,,
1712,,,,,,,,,,,
1713,,,,,,,,,,,
1714,,,,,,,,,,,
1715,,,,,,,,,,,
1716,,,,,,,,,,,
1717,,,,,,,,,,,
1718,,,,,,,,,,,
1719,,,,,,,,,,,
1720,,,,,,,,,,,
1721,,,,,,,,,,,
1722,,,,,,,,,,,
1723,,,,,,,,,,,
1724,,,,,,,,,,,
1725,,,,,,,,,,,
1726,,,,,,,,,,,
1727,,,,,,,,,,,
1728,,,,,,,,,,,
1729,,,,,,,,,,,
1730,,,,,,,,,,,
1731,,,,,,,,,,,
1732,,,,,,,,,,,
1733,,,,,,,,,,,
1734,,,,,,,,,,,
1735,,,,,,,,,,,
1736,,,,,,,,,,,
1737,,,,,,,,,,,
1738,,,,,,,,,,,
1739,,,,,,,,,,,
1740,,,,,,,,,,,
1741,,,,,,,,,,,
1742,,,,,,,,,,,
1743,,,,,,,,,,,
1744,,,,,,,,,,,
1745,,,,,,,,,,,
1746,,,,,,,,,,,
1747,,,,,,,,,,,
1748,,,,,,,,,,,
1749,,,,,,,,,,,
1750,,,,,,,,,,,
1751,,,,,,,,,,,
1752,,,,,,,,,,,
1753,,,,,,,,,,,
1754,,,,,,,,,,,
1755,,,,,,,,,,,
1756,,,,,,,,,,,
1757,,,,,,,,,,,
1758,,,,,,,,,,,
1759,,,,,,,,,,,
1760,,,,,,,,,,,
1761,,,,,,,,,,,
1762,,,,,,,,,,,
1763,,,,,,,,,,,
1764,,,,,,,,,,,
1765,,,,,,,,,,,
1766,,,,,,,,,,,
1767,,,,,,,,,,,
1768,,,,,,,,,,,
1769,,,,,,,,,,,
1770,,,,,,,,,,,
1771,,,,,,,,,,,
1772,,,,,,,,,,,
1773,,,,,,,,,,,
1774,,,,,,,,,,,
1775,,,,,,,,,,,
1776,,,,,,,,,,,
1777,,,,,,,,,,,
1778,,,,,,,,,,,
1779,,,,,,,,,,,
1780,,,,,,,,,,,
1781,,,,,,,,,,,
1782,,,,,,,,,,,
1783,,,,,,,,,,,
1784,,,,,,,,,,,
1785,,,,,,,,,,,
1786,,,,,,,,,,,
1787,,,,,,,,,,,
1788,,,,,,,,,,,
1789,,,,,,,,,,,
1790,,,,,,,,,,,
1791,,,,,,,,,,,
1792,,,,,,,,,,,
1793,,,,,,,,,,,
1794,,,,,,,,,,,
1795,,,,,,,,,,,
1796,,,,,,,,,,,
1797,,,,,,,,,,,
1798,,,,,,,,,,,
1799,,,,,,,,,,,
1800,,,,,,,,,,,
1801,,,,,,,,,,,
1802,,,,,,,,,,,
1803,,,,,,,,,,,
1804,,,,,,,,,,,
1805,,,,,,,,,,,
1806,,,,,,,,,,,
1807,,,,,,,,,,,
1808,,,,,,,,,,,
1809,,,,,,,,,,,
1810,,,,,,,,,,,
1811,,,,,,,,,,,
1812,,,,,,,,,,,
1813,,,,,,,,,,,
1814,,,,,,,,,,,
1815,,,,,,,,,,,
1816,,,,,,,,,,,
1817,,,,,,,,,,,
1818,,,,,,,,,,,
1819,,,,,,,,,,,
1820,,,,,,,,,,,
1821,,,,,,,,,,,
1822,,,,,,,,,,,
1823,,,,,,,,,,,
1824,,,,,,,,,,,
1825,,,,,,,,,,,
1826,,,,,,,,,,,
1827,,,,,,,,,,,
1828,,,,,,,,,,,
1829,,,,,,,,,,,
1830,,,,,,,,,,,
1831,,,,,,,,,,,
1832,,,,,,,,,,,
1833,,,,,,,,,,,
1834,,,,,,,,,,,
1835,,,,,,,,,,,
1836,,,,,,,,,,,
1837,,,,,,,,,,,
1838,,,,,,,,,,,
1839,,,,,,,,,,,
1840,,,,,,,,,,,
1841,,,,,,,,,,,
1842,,,,,,,,,,,
1843,,,,,,,,,,,
1844,,,,,,,,,,,
1845,,,,,,,,,,,
1846,,,,,,,,,,,
1847,,,,,,,,,,,
1848,,,,,,,,,,,
1849,,,,,,,,,,,
1850,,,,,,,,,,,
1851,,,,,,,,,,,
1852,,,,,,,,,,,
1853,,,,,,,,,,,
1854,,,,,,,,,,,
1855,,,,,,,,,,,
1856,,,,,,,,,,,
1857,,,,,,,,,,,
1858,,,,,,,,,,,
1859,,,,,,,,,,,
1860,,,,,,,,,,,
1861,,,,,,,,,,,
1862,,,,,,,,,,,
1863,,,,,,,,,,,
1864,,,,,,,,,,,
1865,,,,,,,,,,,
1866,,,,,,,,,,,
1867,,,,,,,,,,,
1868,,,,,,,,,,,
1869,,,,,,,,,,,
1870,,,,,,,,,,,
1871,,,,,,,,,,,
1872,,,,,,,,,,,
1873,,,,,,,,,,,
1874,,,,,,,,,,,
1875,,,,,,,,,,,
1876,,,,,,,,,,,
1877,,,,,,,,,,,
1878,,,,,,,,,,,
1879,,,,,,,,,,,
1880,,,,,,,,,,,
1881,,,,,,,,,,,
1882,,,,,,,,,,,
1883,,,,,,,,,,,
1884,,,,,,,,,,,
1885,,,,,,,,,,,
1886,,,,,,,,,,,
1887,,,,,,,,,,,
1888,,,,,,,,,,,
1889,,,,,,,,,,,
1890,,,,,,,,,,,
1891,,,,,,,,,,,
1892,,,,,,,,,,,
1893,,,,,,,,,,,
1894,,,,,,,,,,,
1895,,,,,,,,,,,
1896,,,,,,,,,,,
1897,,,,,,,,,,,
1898,,,,,,,,,,,
1899,,,,,,,,,,,
1900,,,,,,,,,,,
1901,,,,,,,,,,,
1902,,,,,,,,,,,
1903,,,,,,,,,,,
1904,,,,,,,,,,,
1905,,,,,,,,,,,
1906,,,,,,,,,,,
1907,,,,,,,,,,,
1908,,,,,,,,,,,
1909,,,,,,,,,,,
1910,,,,,,,,,,,
1911,,,,,,,,,,,
1912,,,,,,,,,,,
1913,,,,,,,,,,,
1914,,,,,,,,,,,
1915,,,,,,,,,,,
1916,,,,,,,,,,,
1917,,,,,,,,,,,
1918,,,,,,,,,,,
1919,,,,,,,,,,,
1920,,,,,,,,,,,
1921,,,,,,,,,,,
1922,,,,,,,,,,,
1923,,,,,,,,,,,
1924,,,,,,,,,,,
1925,,,,,,,,,,,
1926,,,,,,,,,,,
1927,,,,,,,,,,,
1928,,,,,,,,,,,
1929,,,,,,,,,,,
1930,,,,,,,,,,,
1931,,,,,,,,,,,
1932,,,,,,,,,,,
1933,,,,,,,,,,,
1934,,,,,,,,,,,
1935,,,,,,,,,,,
1936,,,,,,,,,,,
1937,,,,,,,,,,,
1938,,,,,,,,,,,
1939,,,,,,,,,,,
1940,,,,,,,,,,,
1941,,,,,,,,,,,
1942,,,,,,,,,,,
1943,,,,,,,,,,,
1944,,,,,,,,,,,
1945,,,,,,,,,,,
1946,,,,,,,,,,,
1947,,,,,,,,,,,
1948,,,,,,,,,,,
1949,,,,,,,,,,,
1950,,,,,,,,,,,
1951,,,,,,,,,,,
1952,,,,,,,,,,,
1953,,,,,,,,,,,
1954,,,,,,,,,,,
1955,,,,,,,,,,,
1956,,,,,,,,,,,
1957,,,,,,,,,,,
1958,,,,,,,,,,,
1959,,,,,,,,,,,
1960,,,,,,,,,,,
1961,,,,,,,,,,,
1962,,,,,,,,,,,
1963,,,,,,,,,,,
1964,,,,,,,,,,,
1965,,,,,,,,,,,
1966,,,,,,,,,,,
1967,,,,,,,,,,,
1968,,,,,,,,,,,
1969,,,,,,,,,,,
1970,,,,,,,,,,,
1971,,,,,,,,,,,
1972,,,,,,,,,,,
1973,,,,,,,,,,,
1974,,,,,,,,,,,
1975,,,,,,,,,,,
1976,,,,,,,,,,,
1977,,,,,,,,,,,
1978,,,,,,,,,,,
1979,,,,,,,,,,,
1980,,,,,,,,,,,
1981,,,,,,,,,,,
1982,,,,,,,,,,,
1983,,,,,,,,,,,
1984,,,,,,,,,,,
1985,,,,,,,,,,,
1986,,,,,,,,,,,
1987,,,,,,,,,,,
1988,,,,,,,,,,,
1989,,,,,,,,,,,
1990,,,,,,,,,,,
1991,,,,,,,,,,,
1992,,,,,,,,,,,
1993,,,,,,,,,,,
1994,,,,,,,,,,,
1995,,,,,,,,,,,
1996,,,,,,,,,,,
1997,,,,,,,,,,,
1998,,,,,,,,,,,
1999,,,,,,,,,,,
