#ID,SubSection,Image
1,,
2,,
3,,
4,,
5,,
6,,
7,,
8,,
9,,
10,,
11,,
12,,
13,1,
14,1,
15,1,
16,1,
17,1,
18,2,
19,2,
20,3,
21,3,
22,3,
23,3,
24,3,
25,3,
26,3,
27,3,
28,4,
29,4,
30,4,
31,4,
32,4,
33,4,
34,4,
35,5,
36,5,
37,6,
38,6,
39,6,
40,6,
41,6,
42,6,
43,6,
44,7,
45,7,
46,7,
47,8,
48,8,
49,8,
50,8,
51,8,
52,8,
53,8,
54,8,
55,8,
56,8,
57,8,
58,8,
59,9,
60,9,
61,9,
62,10,
63,10,
64,10,
65,10,
66,11,
67,11,
68,11,
69,12,
70,12,
71,13,
72,14,
73,15,
74,15,
75,15,
76,16,
77,17,
78,18,
79,18,
80,18,
81,19,
82,19,
83,19,
84,22,
85,24,
86,24,
87,24,
88,24,
89,26,
90,26,
91,31,
92,37,
93,38,
94,38,
95,38,
96,39,
97,39,
98,39,
99,44,
100,45,
101,45,
102,47,
103,47,
104,47,
105,47,
106,48,
107,59,
108,59,
109,59,
110,59,
111,60,
112,60,
113,60,
114,60,
115,61,
116,61,
117,66,
118,66,
119,66,
120,66,
121,66,
122,66,
123,66,
124,66,
125,66,
126,66,
127,69,
128,69,
129,78,
130,78,
131,78,
132,78,
133,79,
134,79,
135,79,
136,79,
137,80,
138,80,
139,80,
140,80,
141,81,
142,81,
143,81,
144,81,
145,82,
146,82,
147,82,
148,82,
149,83,
150,83,
151,83,
152,83,
153,86,
154,86,
155,86,
156,87,
157,97,
158,97,
159,97,
160,97,
161,97,
162,97,
163,99,
164,99,
165,116,
166,116,
167,116,
168,116,
169,121,
170,121,
